{"schemaVersion":"1.0","appDefinitionTemplate":{"id":"/providers/Microsoft.PowerApps/apps/","type":"Microsoft.PowerApps/apps","tags":{"primaryDeviceWidth":"640","primaryDeviceHeight":"1136","supportsPortrait":"true","supportsLandscape":"true","primaryFormFactor":"Phone","showStatusBar":"false","publisherVersion":"3.24042.28","minimumRequiredApiVersion":"2.2.0","hasComponent":"false","hasUnlockedComponent":"false","isUnifiedRootApp":"false","sienaVersion":"20240423T180503Z-3.24042.28.0"},"properties":{"appVersion":"2024-04-23T18:05:03Z","lifeCycleId":"Published","createdByClientVersion":{"major":3,"minor":24042,"build":28,"revision":0,"majorRevision":0,"minorRevision":0},"minClientVersion":{"major":3,"minor":24042,"build":28,"revision":0,"majorRevision":0,"minorRevision":0},"backgroundColor":"RGBA(0,176,240,1)","backgroundImageUri":"/4934615252195228169/Nc01fef47-8683-421a-bd5f-4368e5676ead-logoSmallFile","displayName":"Aplicación PTAR-C VACTOR","description":"","commitMessage":"","appUris":{"documentUri":{"value":"/4934615252195228169/N8bf90cdb-282d-43ff-a8d1-29c6a0780cf6-document.msapp"},"imageUris":[],"additionalUris":[{"isSolutionAware":false,"value":"/4934615252195228169/N674a47fc-da91-4ef3-96b9-d3a638f8439a-identity.json"}]},"createdTime":"0001-01-01T00:00:00Z","lastModifiedTime":"0001-01-01T00:00:00Z","sharedGroupsCount":0,"sharedUsersCount":0,"connectionReferences":{"4d0defbf-8f36-4504-910d-681a88f7f8fc":{"id":"74cbfc50-e1ed-4086-8bcf-2a8a633c45af","displayName":"SharePoint","iconUri":"https://connectoricons-prod.azureedge.net/releases/v1.0.1682/1.0.1682.3676/sharepointonline/icon.png","dataSources":["DATOS CUESTIONARIO"],"dependencies":[],"dependents":[],"parameterHints":{},"parameterHintsV2":{},"isOnPremiseConnection":false,"bypassConsent":false,"dataSets":{"https://emcaliesp.sharepoint.com/sites/Vactor":{"dataSources":{"DATOS CUESTIONARIO":{"tableName":"da9a6032-fa07-48c9-8f2f-c0896ca9a835"}}}},"apiTier":"Standard","isCustomApiConnection":false,"actions":["providers/PowerPlatform.Governance/Operations/Read","providers/PowerPlatform.Governance/Operations/Write","providers/PowerPlatform.Governance/Operations/Delete"]}},"databaseReferences":{},"almMode":"Environment","performanceOptimizationEnabled":true,"canConsumeAppPass":true,"enableModernRuntimeMode":false,"executionRestrictions":{"isTeamsOnly":false,"dataLossPreventionEvaluationResult":{"status":"Compliant","lastEvaluationDate":"2024-04-22T00:26:20.2129947Z","violations":[],"violationsByPolicy":[],"violationErrorMessage":"La aplicación usa los siguientes conectores: shared_sharepointonline."}}},"appType":"ClassicCanvasApp","appComponents":[]}}